{
    "P0": {
          "state_s": [0.999694306527203, -0.003766786954568218, 0.016286832739416737, -7.70204556573997e-6, 6.183157574784651e-7, 1.5955219194574601],
          "m_s": 1.0,
          "period_s": 6.282937897034006,
          "state_f": [1.5537192000000046, 0.15302906960883775, -0.5199481742007107, 0.01618310223871937, 0.11813952745106716, 33.76353813558095],
          "period_f": 20.502833722468655,
          "max_thrust": 0.013490919161437792, 
          "veff": 0.9877459715411968, 
          "mu": 1.0,
          "info": "Dionysus problem (doi: 10.2514/1.G000379) - Fixed time",
          "tof_bounds": [60.79091977865148, 60.79091977865148],
          "solution_indirect": 0.6795825
      },
      "P1": {
          "state_s": [149654984885.857604980468750, -0.003159967920532, 0.016705492433629, 0.000007081860749, 0.000002593720250, 0.240005388978809],
          "m_s": 1500.0,
          "state_f": [108204221662.185256958007812, -0.004499485159298, 0.005049416150669, 0.006838004167958, 0.028831463943950, 14.611969791506613],
          "max_thrust": 0.33, 
          "veff": 37265.27, 
          "mu": 1.32712440018e20,
          "info": "Jiang problem (doi: 10.2514/1.52476) - 2 revs - Fixed time",
          "tof_bounds": [86400000.0, 86400000.0],
          "solution_indirect": 1036.324841272246886
      },
      "P2": {
          "state_s": [149654984885.857604980468750, -0.003159967920532, 0.016705492433629, 0.000007081860749, 0.000002593720250, 0.240005388978809],
          "m_s": 1500.0,
          "state_f": [108204221662.185256958007812, -0.004499485159298, 0.005049416150669, 0.006838004167958, 0.028831463943950, 20.8951550986862],
          "max_thrust": 0.33, 
          "veff": 37265.27, 
          "mu": 1.32712440018e20,
          "info": "Jiang problem (doi: 10.2514/1.52476) - 3 revs - Fixed time",
          "tof_bounds": [86400000.0, 86400000.0],
          "solution_indirect": 1290.570320314048558 
      },
      "P3": {
          "state_s": [149654984885.857604980468750, -0.003159967920532, 0.016705492433629, 0.000007081860749, 0.000002593720250, 0.240005388978809],
          "m_s": 1500.0,
          "state_f": [108204221662.185256958007812, -0.004499485159298, 0.005049416150669, 0.006838004167958, 0.028831463943950, 27.178340405865786],
          "max_thrust": 0.33, 
          "veff": 37265.27, 
          "mu": 1.32712440018e20,
          "info": "Jiang problem (doi: 10.2514/1.52476) - 4 revs - Fixed time",
          "tof_bounds": [86400000.0, 86400000.0],
          "solution_indirect": 1259.687924085673558
      },
      "P4": {
          "state_s": [149654984885.857604980468750, -0.003159967920532, 0.016705492433629, 0.000007081860749, 0.000002593720250, 0.240005388978809],
          "m_s": 1500.0,
          "state_f": [108204221662.185256958007812, -0.004499485159298, 0.005049416150669, 0.006838004167958, 0.028831463943950, 33.461525713045376],
          "max_thrust": 0.33, 
          "veff": 37265.27, 
          "mu": 1.32712440018e20,
          "info": "Jiang problem (doi: 10.2514/1.52476) - 5 revs - Fixed time",
          "tof_bounds": [86400000.0, 86400000.0],
          "solution_indirect": 1006.549213468202083 
      },
      "P5": {
          "state_s": [11530.028759276975, 0.726543289, 0, 0, 0.20345229942, 0],
          "period_s": 37980.1519,
          "m_s": 1500.0,
          "state_f": [42164, 0, 0, 0, 0, 50.265482457674082],
          "period_f": 86163.4154,
          "max_thrust": 1e-2, 
          "veff": 20.0, 
          "mu": 398601.877,
          "info": "GTO-GEO",
          "tof_bounds": [472800.0, 472800.0],
          "solution_indirect": 0
      },
      "P6": {
          "state_s": [11530.028759276975, 0.726543289, 0, 0, 0, 0],
          "period_s": 37980.1519,
          "m_s": 2000.0,
          "state_f": [12033.84, 0.58312795766897429, -0.45558949174098706, 0.38024027702219454, 0.48668536079733615, 473.7172623532793],
          "period_f": 43175.030554248609,
          "max_thrust": 1e-2, 
          "veff": 100.0,
          "mu": 398601.877,
          "info": "GTO-Molniya EXTREME",
          "tof_bounds": [3064000.0, 3064000.0],
          "solution_indirect": 0
      },
      "P7": {
          "state_s": [11530.028759276975, 0.726543289, 0, 0, 0, 0],
          "period_s": 37980.1519,
          "m_s": 2000.0,
          "state_f": [12033.84, 0.58312795766897429, -0.45558949174098706, 0.38024027702219454, 0.48668536079733615, 90.442958616135002],
          "period_f": 43175.030554248609,
          "max_thrust": 1e-1, 
          "veff": 10.0,
          "mu": 398601.877,
          "info": "GTO-Molniya Easy",
          "tof_bounds": [506400.0, 506400.0],
          "solution_indirect": 0
      },
      "P8": {
          "state_s": [11530.028759276975, 0.726543289, 0, 0, 0, 0],
          "period_s": 37980.1519,
          "m_s": 2000.0,
          "state_f": [11530.028759276975, -0.726543289, 0, 0, 0, 18.849555921547513],
          "period_f": 37980.1519,
          "max_thrust": 1e-1, 
          "veff": 10.0,
          "mu": 398601.877,
          "info": "GTO-AOP shift",
          "tof_bounds": [123456.0, 123456.0],
          "solution_indirect": 0
      }
  }

