{
    "P0": {
        "state_s": [1.0809931218390707, 0.0, -0.20235953267405354, 0.0, -0.19895001215078018, 0.0],
        "period_s": 2.353867041754664,
        "state_f": [1.1648780946517576, 0.0, -0.11145303634437023, 0.0, -0.20191923237095796, 0.0],
        "period_f": 3.3031221822879884,
        "max_thrust": 0.3010999584011414,
        "veff": 11.56499372183432,
        "mu_cr3bp": 0.01215058560962404,
        "info": "Halo 2 Halo in fixed tof",
        "tof_bounds": [5.0, 5.0],
        "m_s": 1.0
    },
    "P1": {
        "state_s": [1.1648780946517576, 0.0, -0.11145303634437023, 0.0, -0.20191923237095796, 0.0],
        "period_s": 3.3031221822879884,
        "state_f": [0.8241716997696729, 0.0, 0.05763660825010655, 0.0, 0.1681906215591753, 0.0],
        "period_f": 2.7629516051826917,
        "max_thrust": 0.3010999584011414,
        "veff": 11.56499372183432,
        "mu_cr3bp": 0.01215058560962404,
        "info": "???",
        "tof_bounds": [2.0, 15.0],
        "m_s": 1.0
    },
    "P2": {
        "state_s": [1.1648780946517576, 0.0, -0.11145303634437023, 0.0, -0.20191923237095796, 0.0],
        "period_s": 3.3031221822879884,
        "state_f": [0.487849413449431, 0.7083460764009891, 0.05763660825010655, -0.18484992103853196, 0.13442141989974338, 0.0],
        "period_f": 21.763511728420593,
        "max_thrust": 0.3010999584011414,
        "veff": 11.56499372183432,
        "mu_cr3bp": 0.01215058560962404,
        "info": "???",
        "tof_bounds": [2.0, 10.0],
        "m_s": 1.0
    },
    "P3": {
        "state_s": [1.1648780946517576, 0.0, -0.11145303634437023, 0.0, -0.20191923237095796, 0.0],
        "period_s": 3.3031221822879884,
        "state_f": [0.898335354870926, 0.0, 0.0, 0.0, 0.4759116861682023, 0.0],
        "period_f": 1.3094025367443127,
        "max_thrust": 0.37637494800142672,
        "veff": 11.56499372183432,
        "mu_cr3bp": 0.01215058560962404,
        "info": "reduced thrust",
        "tof_bounds": [2.0, 10.0],
        "m_s": 1.0
    },
    "P4": {
        "state_s": [0.8289927126704472, 0.0, 0.0, 0.0, 0.49493397729663385, 0.0],
        "period_s": 2.7344101432096957,
        "state_f": [0.9874079705990192, 0.0, 0.007982737804477584, 0.0, 1.7156354443017166, 0.0],
        "period_f": 1.496072446248134,
        "max_thrust": 0.15,
        "veff": 10.0,
        "mu_cr3bp": 0.01215058560962404,
        "tof_bounds": [2.0, 10.0],
        "info": "reduced thrust",
        "m_s": 1.0
    },
    "P5": {
        "state_s": [1.05629995376,-0.000569644659014,-0.0977538595795,-0.000308616385147,0.197244892132,-0.00224408889733],
        "period_s": 5.548183739297772,
        "state_f": [0.98770058164,0.000273739353241,-0.112076590108,0.000532660340145,-0.354246476209,-0.000831473572118],
        "period_f": 6.730744346595289,
        "max_thrust": 0.2,
        "veff": 10.0,
        "mu_cr3bp": 0.01215058560962404,
        "info": "???",
        "tof_bounds": [2.0, 10.0],
        "m_s": 1.0
    },
    "P6": {
        "state_s": [-0.49172053272512411537,-4.6548008635095167331e-06,2.1381198872668593103e-30,-1.7147323404433621481e-05,2.2621923262251604214,4.5166455445843393584e-30],
        "period_s": 2.0823679645508286,
        "state_f": [1.0312767496844623683,-8.9841715665916041029e-06,-0.075283572794736186573,3.3191580598732768322e-05,0.11814647441001473183,-0.00011093681393992335107],
        "period_f": 5.267301553467809,
        "max_thrust": 1.0,
        "veff": 10.0,
        "mu_cr3bp": 0.01215058560962404,
        "info": "???",
        "tof_bounds": [2.0, 10.0],
        "m_s": 1.0
    },
    "P7": {
        "state_s": [0.03694774113818046, 0.0, 0.0, 0.0, 6.16843737391734, 0.0],
        "period_s": 6.3035895495837275,
        "state_f": [1.07208064148 , 0.000112376036232 , -0.145950924411 , -9.3476169718e-06 , -0.0193109741375 , -0.00279725110595],
        "period_f": 3.896296761190737,
        "max_thrust": 0.25,
        "veff": 10.0,
        "mu_cr3bp": 0.01215058560962404,
        "info": "???",
        "tof_bounds": [2.0, 10.0],
        "m_s": 1.0
    },
    "P8": {
        "state_s": [1.0744342525276502, 0.0, 0.14463388243408795, 0.0, -0.01557378854434334, 0.0],
        "period_s": 3.9375348942471486,
        "state_f": [0.952322488270429, 0.0, 0.16015476201491805, 0.0, -0.04882175484437179, 0.0],
        "period_f": 6.631545368584749,
        "max_thrust": 0.04,
        "veff": 10.0,
        "mu_cr3bp": 0.01215058560962404,
        "info": "???",
        "tof_bounds": [2.0, 10.0],
        "m_s": 1.0
    },
    "P9": {
        "state_s": [0.903608553094 , 0.00114198736952 , 0.132836987186 , 0.00137077475221 , -0.0297883487782 , 0.0221619999979],
        "period_s": 4.007751945618002,
        "state_f": [0.90525760842057390043,5.7066440170570288544e-07,0.14243408419176911694,1.1364513394075575543e-06,0.28475824423908818739,-1.1294236587538561394e-06],
        "period_f": 6.567662335106302,
        "max_thrust": 0.05,
        "veff": 10.0,
        "mu_cr3bp": 0.01215058560962404,
        "info": "???",
        "tof_bounds": [2.0, 10.0],
        "m_s": 1.0
    },
    "P10": {
        "state_s": [-1.6740479439595235, 0.28393321518884523, 0.0, 0.0, 1.357459865451631, 0.0],
        "period_s": 6.31261044562427,
        "state_f": [-0.33869059387947237, 0.9450664116437081, 0.0, 1.6286486509181213, 0.5745382254699614, 0.6847116944110847],
        "period_f": 6.310546686637988,
        "max_thrust": 0.15,
        "veff": 10.0,
        "mu_cr3bp": 0.01215058560962404,
        "info": "???",
        "tof_bounds": [2.0, 15.0],
        "m_s": 1.0
    },
    "P11": {
        "state_s": [0.9930292301781378, 0.0, 0.04611015565352394, 0.0, 0.6768221764145949, 0.0],
        "period_s": 2.405005283497047,
        "state_f": [0.9901291947070835, 0.0, 0.03894558008205561, 0.0, 0.7463912928195284, 0.0],
        "period_f": 2.255802077194297,
        "max_thrust": 0.2,
        "veff": 10.0,
        "mu_cr3bp": 0.01215058560962404,
        "info": "???",
        "tof_bounds": [2.0, 10.0],
        "m_s": 1.0
    },
    "P12": {
        "state_s": [0.586792825, 0.0, 0.0, 0.0, 0.956849854, 0.0],
        "period_s": 5.68936129,
        "state_f": [0.849470547, 0.0, 0.0, 0.0, 0.479391525, 0.0],
        "period_f": 2.30841488,
        "max_thrust": 0.029371768613836582,
        "veff": 28.76178289593944,
        "mu_cr3bp": 0.0121506683,
        "info": "Oshima problem (doi: 10.1016/j.asr.2023.05.055) - DRO to DRO - fixed time",
        "tof_bounds": [12.4155005583399, 12.4155005583399],
        "m_s": 1.0
    },
    "P13": {
        "state_s": [0.908282483, 0.0, 0.204570695, 0.0, -0.0552436507, 0.0],
        "period_s": 3.70274690,
        "state_f": [0.784707463, 0.0, 0.0, 0.0, 0.432153743, 0.0],
        "period_f": 3.84947313,
        "max_thrust": 0.029371768613836582,
        "veff": 28.76178289593944,
        "mu_cr3bp": 0.0121506683,
        "info": "Oshima problem (doi: 10.1016/j.asr.2023.05.055) - Vertical to Lyapunov",
        "tof_bounds": [10.0, 20.698633859117347],
        "m_s": 1.0
    }
}
