{
  "P0": {
        "state_s": [1.2, 0.0, -0.01, 0.01, 1, -0.01],
        "m_s": 1.0,
        "period_s": 11.549648947659607,
        "state_f": [1, 0.0, -0.0, 0.01, 1.1, -0.0],
        "period_f": 8.949972432612146,
        "max_thrust": 0.037098971584147183, 
        "veff": 0.98775405042502518, 
        "mu": 1.0,
        "info": "Mildly-elliptic to mildly-elliptic transfer (e_s~0.201, e_f~0.210) in fixed tof -> T=0.22N, Isp=3000s",
        "tof_bounds": [11.0, 11.0]
  },
  "P1": {
    "state_s": [1.0, -0.1, -0.1, 0.1, 1.37, -0.0],
    "m_s": 1.0,
    "period_s": 220.13739815651144,
    "state_f": [1.2, 0.2, 0.1, 0.1, 1.11, 0.5],
    "period_f": 112.20938215568917,
    "max_thrust": 0.0058546435335345,
    "veff": 0.98775405042502518,
    "mu": 1.0,
    "info": "Highly-elliptic transfer (e_s~0.906, e_f~0.835).",
    "tof_bounds": [60.0, 110.0]
    },
  "P2": {
    "state_s": [1.2, 0.0, 0.0, 0.0, 0.9128709291752769, 0.0],
    "m_s": 1.0,
    "period_s": 8.259461581745476,
    "state_f": [1.0, 0.0, 0.0, 0.0, 0.6708203932499369, 1.161895003862225],
    "period_f": 70.24814731040726,
    "max_thrust": 0.037098971584147183,
    "veff": 0.98775405042502518,
    "mu": 1.0,
    "info": "Circular-to-highly-elliptic/high-inclination transfer (e_f~0.8, i_f~60 deg)",
    "tof_bounds": [10.0, 100.0]
    },
  "P3": 
    {
    "state_s": [1.2, 0.0, 0.0, 0.0, 0.9128709291752769, 0.0],
    "m_s": 1.0,
    "period_s": 8.259461581745476,
    "state_f": [0.0, 1.0, 0.0, -0.74645634344645, 0.00242342423223, 0.0],
    "period_f": 70.24814731040726,
    "max_thrust": 0.037098971584147183,
    "veff": 0.98775405042502518,
    "mu": 1.0,
    "info": "Multirev arc transfer - Fixed Time",
    "tof_bounds": [13.0, 13.0]
    },
  "P4": 
    {
    "state_s": [1.2, 0.0, 0.0, 0.0, 0.9128709291752769, 0.0],
    "m_s": 1.0,
    "period_s": 8.259461581745476,
    "state_f": [0.0, 1.0, 0.0, -0.74645634344645, 0.00242342423223, 0.0],
    "period_f": 70.24814731040726,
    "max_thrust": 0.57098971584147183,
    "veff": 0.98775405042502518,
    "mu": 1.0,
    "info": "Short arc transfer (GTOC style) - Fixed Time",
    "tof_bounds": [2.0, 2.0]
    }
}